INSERT INTO employee (first_name, last_name, role_id, manager_id)
VALUES ("John", "Doe", "sales", null );
INSERT INTO employee (first_name, last_name, role_id, manager_id)
VALUES ("Mike", "Chan", "sales", null );
INSERT INTO employee (first_name, last_name, role_id, manager_id)
VALUES ("Ashley", "Rodreiguez", "Engineer", null );
INSERT INTO employee (first_name, last_name, role_id, manager_id)
VALUES ("Kevin", "Tupik", "Engineer", null );
INSERT INTO employee (first_name, last_name, role_id, manager_id)
VALUES ("Malie", "Brown", "Accountant", null );
INSERT INTO employee (first_name, last_name, role_id, manager_id)
VALUES ("Sarah", "Lourd", "Legal", null );
INSERT INTO employee (first_name, last_name, role_id, manager_id)
VALUES ("Tom", "Allen", "Lawyer", null );
INSERT INTO employee (first_name, last_name, role_id, manager_id)
VALUES ("Christian", "Eckenrode", "Engineer", null );





INSERT INTO role (title, salary, department_id)
VALUES ("Legal", 1234.123, 1);
INSERT INTO role (title, salary, department_id)
VALUES ("Engineer", 54312.123, 12);
INSERT INTO role (title, salary, department_id)
VALUES ("Lawyer", 1234.123, 6);
INSERT INTO role (title, salary, department_id)
VALUES ("Accountant", 1234.123, 91);
INSERT INTO role (title, salary, department_id)
VALUES ("Sales", 876543.123, 876);





INSERT INTO department (name)
VALUES ("Sales");
INSERT INTO department (name)
VALUES ("Engineer");
INSERT INTO department (name)
VALUES ("Lawyer");
INSERT INTO department (name)
VALUES ("Legal");
INSERT INTO department (name)
VALUES ("Accountant");